id;reference;issue_date;signature_date;comments
1;honestly;2024-10-22;2024-10-23;nicely woot
2;recede understanding flight;2024-10-23;2024-10-23;slowly dirty
3;on;2024-10-22;2024-10-22;aha uh-huh
4;tomography until catch;2024-10-23;2024-10-22;excluding
5;flowery aboard minor;2024-10-22;2024-10-22;inquisitively
6;whether whenever splendid;2024-10-23;2024-10-22;apprehensive sternly
7;huzzah cheerfully;2024-10-23;2024-10-23;loaf
8;valuable anneal;2024-10-22;2024-10-23;hoarse pendant reproachfully
9;times nervously;2024-10-23;2024-10-23;oof yum miserably
10;enrich swiftly icebreaker;2024-10-22;2024-10-22;shiny
