id;reference;start_date;end_date;compensation;status;assignment_site;signature_date;comments;docs;docs_content_type
1;sniff;2024-10-28;2024-10-28;14122.84;EN_SIGNATURE;emotional repeatedly since;2024-10-29;cone;../fake-data/blob/hipster.png;image/png
2;liberalize including ick;2024-10-28;2024-10-28;6204.86;TERMINE;across;2024-10-29;dreamily angle;../fake-data/blob/hipster.png;image/png
3;obvious however;2024-10-28;2024-10-28;1214.36;RESILIE;reflate;2024-10-29;barring;../fake-data/blob/hipster.png;image/png
4;once;2024-10-29;2024-10-29;15007.64;TERMINE;instructor furthermore swing;2024-10-29;whose tender;../fake-data/blob/hipster.png;image/png
5;upon weight who;2024-10-29;2024-10-29;27612.47;EN_SIGNATURE;treasure eyebrow until;2024-10-29;circa;../fake-data/blob/hipster.png;image/png
6;linear valentine calmly;2024-10-29;2024-10-28;6053.94;TERMINE;pace;2024-10-29;an thoroughly;../fake-data/blob/hipster.png;image/png
7;midst;2024-10-29;2024-10-28;23030.08;RESILIE;after;2024-10-29;appreciate syringe;../fake-data/blob/hipster.png;image/png
8;ugh inure;2024-10-29;2024-10-29;21567.87;TERMINE;vision horde;2024-10-29;out;../fake-data/blob/hipster.png;image/png
9;barracks whereas;2024-10-28;2024-10-29;5171.87;TERMINE;wordy;2024-10-29;intelligent;../fake-data/blob/hipster.png;image/png
10;yearningly next;2024-10-29;2024-10-29;5796.5;RESILIE;why;2024-10-28;scaly;../fake-data/blob/hipster.png;image/png
